Ниша;Похожие темы;Оценка;Каналов;Медиана просмотров;Медиана подписчиков;Просмотры/подписчики;Просмотров в час;Доля молодых каналов;Медиана длительности, мин;Тренд;Примеры
los;;19.0;8;154187;2785;83.8;962;62%;19;+1 кан.;https://youtu.be/NKoNTUrndMs | https://youtu.be/TQmwBj0DQkI | https://youtu.be/R_Us5-w7dpU | https://youtu.be/nsokIjyK5PY | https://youtu.be/wInOl-DQ27w
wildlife documentary;wildlife, animal documentary, wild, nature;18.41;5;245606;3280;97.5;2897;40%;31;-1 кан.;https://youtu.be/qdUaIpNpktE | https://youtu.be/2kWb2YqpN0Y | https://youtu.be/Ih1_J0I3f-U | https://youtu.be/qJsL8sBFyiw | https://youtu.be/XTp7wKUu9xo
твоя жизнь;каждом, твоя;15.94;3;127939;1710;74.8;1338;67%;21;-1 кан.;https://youtu.be/VNFuALq-YvA | https://youtu.be/dRJ_08CNtlg | https://youtu.be/Js7X57MmOMw
der;;14.1;10;35262;1785;23.3;583;40%;21;+2 кан.;https://youtu.be/d_gk__KNKOs | https://youtu.be/LS8fHJlObsY | https://youtu.be/rl0uBXzBERM | https://youtu.be/Fkk7LnWU-DQ | https://youtu.be/HBvH6pllnv0
die;hinter;13.51;10;46596;1165;40.3;725;30%;25;+1 кан.;https://youtu.be/vsFa_xIF_mQ | https://youtu.be/LS8fHJlObsY | https://youtu.be/qFQD0G9w5WI | https://youtu.be/7ahtqRq5L9c | https://youtu.be/fSK_MBHWcCA
inside;;13.27;4;202351;3875;77.7;2458;75%;19;вернулась;https://youtu.be/s7WaBHkgjL0 | https://youtu.be/Y_QEQXujx3Q | https://youtu.be/HLV3HhIr6Ss | https://youtu.be/gY9U4sB3UIw
la vida;;12.59;4;159182;1435;89.5;1134;75%;27;+1 кан.;https://youtu.be/0RWPKY1GHQ8 | https://youtu.be/stESio6eSTU | https://youtu.be/_M0qrHPEap0 | https://youtu.be/En_H4w6mWo0
que;;12.25;9;133735;4390;37.5;989;11%;17;+0 кан.;https://youtu.be/cPBcdumpGkA | https://youtu.be/NKoNTUrndMs | https://youtu.be/TQmwBj0DQkI | https://youtu.be/En_H4w6mWo0 | https://youtu.be/wInOl-DQ27w
dokumentation;;12.21;5;122106;1830;132.9;792;60%;42;+0 кан.;https://youtu.be/LS8fHJlObsY | https://youtu.be/RnJLCxjBiAU | https://youtu.be/v80QkKRCByw | https://youtu.be/Np1Ibz0lFW0 | https://youtu.be/XeBFw64aiFI
документальный фильм;фильм;9.75;6;23546;1520;16.1;147;67%;47;+0 кан.;https://youtu.be/eh3ppNmJ1Bw | https://youtu.be/pOcjftaFQeg | https://youtu.be/AraCU3oAsXY | https://youtu.be/qAfiwgTXSvI | https://youtu.be/4UWCHFsBzmM
país;más;8.08;3;91826;1360;67.5;1174;33%;23;вернулась;https://youtu.be/_M0qrHPEap0 | https://youtu.be/I_gQgm3Oyhs | https://youtu.be/8peieDv6FQI
las;;7.29;4;117591;3740;50.4;1048;50%;44;+0 кан.;https://youtu.be/R_Us5-w7dpU | https://youtu.be/0Hf8a9R748w | https://youtu.be/v0g7abbTDOY | https://youtu.be/8mrEoc3baQQ
сша;;6.93;4;84637;4045;21.2;885;75%;29;НОВАЯ;https://youtu.be/9n5xZr0DT7g | https://youtu.be/B-l78dglnP4 | https://youtu.be/pgyZ_7K3T5c | https://youtu.be/niRGL2bu4rI
das;;5.59;5;36551;2510;18.5;278;40%;19;+0 кан.;https://youtu.be/rl0uBXzBERM | https://youtu.be/HBvH6pllnv0 | https://youtu.be/LBnugIrzmbY | https://youtu.be/fqR2cX_6bwQ | https://youtu.be/gIoXRg7OqPQ
mit;;5.56;4;88076;1215;71.7;949;25%;21;НОВАЯ;https://youtu.be/LS8fHJlObsY | https://youtu.be/WnjKAx-y2qk | https://youtu.be/Fkk7LnWU-DQ | https://youtu.be/LBnugIrzmbY
ganze;alles;5.49;3;200710;6840;29.0;1643;33%;22;НОВАЯ;https://youtu.be/v80QkKRCByw | https://youtu.be/b8Qm8LPvDk4 | https://youtu.be/x_XVO4CWAPA
über;und;5.48;4;38811;2055;18.0;684;0%;20;вернулась;https://youtu.be/Fkk7LnWU-DQ | https://youtu.be/TSNYkqTUVLY | https://youtu.be/fqR2cX_6bwQ | https://youtu.be/gIoXRg7OqPQ
ссср;;5.33;3;73735;1710;74.8;606;0%;21;НОВАЯ;https://youtu.be/_EAnLnQi9io | https://youtu.be/dRJ_08CNtlg | https://youtu.be/WrDiDT9pifM
raised;;4.95;3;34754;2240;12.3;286;33%;22;+0 кан.;https://youtu.be/Uq2XKSig718 | https://youtu.be/gHPBh-cmO3E | https://youtu.be/CHvxbtOajTk
war;;4.76;3;28406;2440;17.5;297;67%;53;+0 кан.;https://youtu.be/qVahXLqlsrM | https://youtu.be/5gneY5z58tg | https://youtu.be/Np1Ibz0lFW0
survival;;4.73;3;77771;3280;54.8;765;33%;30;вернулась;https://youtu.be/2kWb2YqpN0Y | https://youtu.be/02EIOSTbRzE | https://youtu.be/0fh_PwQ-QO0
life;;4.33;4;30904;1810;11.4;226;50%;24;+0 кан.;https://youtu.be/02EIOSTbRzE | https://youtu.be/gY9U4sB3UIw | https://youtu.be/a2RvE34udpE | https://youtu.be/ngBi4r6rcjM
naruto;;4.2;3;42421;3200;18.9;864;33%;27;НОВАЯ;https://youtu.be/DOGyvQflw9Y | https://youtu.be/Uq2XKSig718 | https://youtu.be/pNN33aKN2EA
истории из жизни;;4.19;3;73735;14300;6.7;606;33%;173;+0 кан.;https://youtu.be/uzQZdhcbQXA | https://youtu.be/P5YuAB8TLGc | https://youtu.be/WrDiDT9pifM
германии;;3.75;3;71603;6010;5.8;668;0%;32;НОВАЯ;https://youtu.be/lcwzoH2TzjY | https://youtu.be/fQjQyC5WDYs | https://youtu.be/n23nRkGJ18M
next;;3.67;3;58436;9850;8.8;1112;33%;40;НОВАЯ;https://youtu.be/3wx1aPfGqtQ | https://youtu.be/X38v0ZQ0W54 | https://youtu.be/0bi8pj6XDQk
diese;;3.66;3;68782;1600;19.6;1133;0%;17;НОВАЯ;https://youtu.be/9gPV-2mYvpQ | https://youtu.be/TSNYkqTUVLY | https://youtu.be/EmlfH3yuyqM
aus;;3.56;3;131760;1600;19.6;1133;33%;18;+0 кан.;https://youtu.be/RnJLCxjBiAU | https://youtu.be/TSNYkqTUVLY | https://youtu.be/vel-0VZD8Cs
nolan wells;nolan, wells;3.11;3;69565;7200;8.9;705;0%;48;НОВАЯ;https://youtu.be/1QxHtrmQHNk | https://youtu.be/0qBF1x2B3g8 | https://youtu.be/T7vQnxD0pzg
china;;3.08;3;130664;6400;20.4;1158;0%;31;вернулась;https://youtu.be/En_H4w6mWo0 | https://youtu.be/eQFEITjMwwU | https://youtu.be/sRvfh8iGAig
gta;;1.77;3;38543;5310;7.3;303;0%;22;НОВАЯ;https://youtu.be/JpB3sSNnMJw | https://youtu.be/ngBi4r6rcjM | https://youtu.be/rgAcjKO3rLQ
