Видео;Ссылка;Канал;Подписчики;Просмотры;Просмотры/подписчики;Просмотров в час;Возраст канала (дн.);Длительность (сек);Опубликовано
Жизнь в Лаосе 2026! Купание Без Приватности, Устаревшие Традиции и ЧРЕЗВЫЧАЙНО КРАСИВЫЕ Женщины;https://youtu.be/UqeFwVclj8w;РЕАЛЬНАЯ ЖИЗНЬ РУ;260;130463;501.8;2698;3748;1737;2026-10-02
Er Bekam, Was Er Wollte, Und Hat Es ZUTIEFST BEREUT. Die Geschichte Von Michael Dudikoff;https://youtu.be/36IQNydQ5AA;Hollywood-Archiv;104;48147;463.0;339;27;2081;2026-09-28
Почему продолжение My Summer Car ломает игроков;https://youtu.be/UqHajkD3THg;qaniarir;507;217086;428.2;2855;47;1253;2026-10-01
I gave a cat an egg, and what happened next was surprising! 🥚🐱😲;https://youtu.be/EtVziH0O1Nw;Tiny Tails Home;1570;628672;400.4;4204;24;1812;2026-09-28
МОНГОЛИЯ: Как живут там, где лошадей больше, чем людей?;https://youtu.be/AnKAp4Vk7pg;Костёр на Перевале;651;228075;350.3;1890;61;1654;2026-09-29
ПОТРОШИТЕЛЬ БАБУШЕК - Как Гей Маньяк Терроризировал ВСЮ ДЕРЕВНЮ;https://youtu.be/r3Sj7vixfw0;ИКОНА КРАЙМА;313;108067;345.3;901;5;2310;2026-09-29
Find the Mistake #23 🧠 | Genius Can Solve This IQ Test Puzzle;https://youtu.be/efCrK5G9CsY;Jannah Voice;2240;763254;340.7;7561;484;15222;2026-09-30
Sperm Whale vs Giant Squid: The Fight No Camera Has Ever Filmed | Wildlife Documentary;https://youtu.be/X3NWMsNxPEY;Never Filmed;219;69345;316.6;686;44;1022;2026-09-30
Warum Airlines Boeings brandneue 777X ABLEHNEN;https://youtu.be/jaqqw0LcoBc;Planet Neugier;233;62985;270.3;380;332;1138;2026-09-27
WILD RIO NEGRO | The Black Ghost and the Fatal Coil | Wildlife Documentary;https://youtu.be/DNlgeoGMJIA;Tethered Wilds;5050;1294011;256.2;13703;1926;1810;2026-09-30
¡El Avión Más Grande del Mundo! ¿Cómo Puede Mantenerse en el Aire?;https://youtu.be/pHDnKifw5xo;Motor del Mundo;722;183257;253.8;1340;3219;1251;2026-09-28
¿Por qué el Congo Profundo es el Último Lugar Inexplorado de la Tierra?;https://youtu.be/lGUc6SdAzdE;Ciencia Extrema;567;142502;251.3;1229;280;1199;2026-09-29
Мелодрама 2026! Беременность раскрыла семейный заговор, который мог стоить жизни - фильм про любовь;https://youtu.be/214lov3Ihm0;ศุภโชค ศีรละโคตร;1300;306810;236.0;3075;35;5665;2026-09-30
What Really Happened Inside the flydubai Cockpit;https://youtu.be/s7WaBHkgjL0;Reconstructed;2980;584221;196.0;37712;0;986;2026-10-03
Fehlstart beim DFB - Warum der Klopp-Effekt Zeit braucht | Sport und Talk;https://youtu.be/7dSX1hKAKOg;Sport und Talk aus dem Hangar-7;452;85818;189.9;721;40;1091;2026-09-29
ЧТО БУДЕТ С РОССИЕЙ ДАЛЬШЕ? Почему мы больше не можем планировать на годы вперёд | Максим Шевченко;https://youtu.be/VBV9YHMtlqQ;Подкаст Светланы Беляевой;742;137324;185.1;4298;476;4854;2026-10-03
What Happened to John Travolta at 72 – Try Not to CRY When You See This;https://youtu.be/rWgCUJD0qhk;Golden Legends;916;169045;184.5;1879;1596;3779;2026-09-30
Wie römische Soldaten eiskalte Nächte überlebten ?;https://youtu.be/gaqo1cND49A;Urzeitmenschen Erklärt;527;90468;171.7;1906;16;2077;2026-10-02
Реальная Жизнь в ПАКИСТАНЕ: САМАЯ ТОКСИЧНАЯ Страна на Земле — Женщины Делят Одного Мужа! Док. фильм;https://youtu.be/Rpe_FjLMlyM;РЕАЛЬНАЯ ЖИЗНЬ РУ;260;39853;153.3;413;3748;1633;2026-09-30
“Lo maté y no me arrepiento”: Laura Rave cuenta su crimen desde la cárcel;https://youtu.be/wSeJlcjorEk;Testimonios;18100;2584014;142.8;15956;132;2889;2026-09-27
CÚCUTA, LA CIUDAD DEL BAZUCO;https://youtu.be/nzCrkYD0oDY;DAVID CASASÚS;1100;156581;142.3;958;3014;2985;2026-09-27
Billionaire Grandma Pretends To Be Homeless To Test Grandson's Greedy Fiancée!;https://youtu.be/GBCBV4F4L8o;Beyond Riches;2930;397474;135.7;4121;13;2107;2026-09-30
Gerburg Jahnke über Missfits, Ladies Night & das Leben danach | Streng geheim!;https://youtu.be/fMQtLsf_lxU;STRENG GEHEIM! - Der Podcast;194;25824;133.1;198;134;4174;2026-09-29
Durante Años Llevó a su Familia de Picnic Junto a la Tumba de la Niña que Asesinó;https://youtu.be/smCMe3txDKg;The Cold Seam;542;70894;130.8;597;116;1004;2026-09-29
Warum KEINER mehr MIELE kauft!;https://youtu.be/OQmC6iXK4LQ;Deutscher Industrieverfall;1280;164563;128.6;2573;38;1514;2026-10-01
📸💫 These Unbelievable Historical Photos Were Too Shocking to Publish at the Time;https://youtu.be/ZsnGsS7V-Lo;Past in Focus;1000;120609;120.6;1307;25;1231;2026-09-30
    ПОСЛЕ ПРЕДАТЕЛЬСТВА ОН ЗАКРЫЛ СЕРДЦЕ… | ЖИЗНЕННАЯ ИСТОРИЯ;https://youtu.be/HRzKGnJ5f-8;Слушая жизнь;721;85636;118.8;705;56;3038;2026-09-29
ВСУ отвоёвывает Донецкую область-операция «Вивальди»,почему Путин боится закончить войну;https://youtu.be/oYLxCD8CPBk;ГРА В РУСНЮ;4190;473916;113.1;5120;278;4261;2026-09-30
T2x2 Смотрит Аварии на реальных событиях в BeamNG.Drive #71;https://youtu.be/i7FZ86PTrkg;boyzloveher;1390;144369;103.9;6265;7329;2253;2026-10-03
Как одно худи принесло мне 8.000.000Р выручки в 18 лет | История одного запуска;https://youtu.be/BP5FOhHtiBY;elyaprobrand ;403;41828;103.8;345;2358;1195;2026-09-29
Die tödlichsten Honigdachs-Angriffe auf Kamera | Tierwelt Doku;https://youtu.be/ubw-yMMJMPI;Tierwelt Doku;2360;232427;98.5;1529;3965;1868;2026-09-28
Реальная причина боёв на Халхин-Голе: почему Япония так и не напала на СССР;https://youtu.be/j6yHZVP3U3w;Илья о Конфликтах (Что есть);1020;99296;97.3;815;9;2672;2026-09-29
Pangolín: 99 Días Desde el Nacimiento Hasta la Supervivencia | Documental del Pangolín;https://youtu.be/kkTU5siX7sI;BBTV NEW;9990;959192;96.0;12791;31;1041;2026-10-01
КИТАЙСКИЕ МАШИНЫ БОЛЬШЕ НИКОМУ НЕ НУЖНЫ! Почему Люди Перестали Их Покупать?;https://youtu.be/Le_urg188nI;Мысли Развалюхи;3200;289884;90.6;2420;95;1110;2026-09-29
The Journey From Home || True life story.||  @TheHiddenChaptertv-t8x @fulsefact;https://youtu.be/ZYcWVQBJYoE;THE FINAL FRAME;6700;604545;90.2;5094;42;2082;2026-09-29
Он перешел черту, а я позволила | Реальная история об измене;https://youtu.be/MYL2DYAm2Ck;ТАЙНЫ ТЬМЫ;1360;114295;84.0;945;12;1736;2026-09-29
Реальная Жизнь в КАМБОДЖЕ: Страна, Которую Называют ГРЕШНОЙ — История Хуже, Чем Вы Думаете! Документ;https://youtu.be/dsZLeQuJzHc;РЕАЛЬНАЯ ЖИЗНЬ РУ;260;21468;82.6;148;3748;1852;2026-09-28
7 Архангелов Книги Еноха: Их Имена, Должности И Почему Церковь Забыла Троих Из Них;https://youtu.be/7gCLFTJLAFs;Грани Истины | The Book of Enoch;1380;108741;78.8;887;12;1069;2026-09-29
Por Qué La URSS Recibió El Sherman Diésel Que El Ejército De EE. UU. Apenas Usaba;https://youtu.be/psmgMvi-nfw;ARCHIVO 39-45;717;54780;76.4;335;13;1368;2026-09-27
Засыпай Под Разбор Теорий о «Мстителях Судный День»;https://youtu.be/YZAJDGJYLiY;Вечерний Марвел;514;37964;73.9;267;1917;6021;2026-09-28
Halcón Peregrino: 99 Días Desde el Huevo Hasta la Supervivencia | Documental del Halcón Peregrino;https://youtu.be/H4qoqDWSu_s;BBTV NEW;9990;673363;67.4;5477;31;1099;2026-09-29
# Почему умные люди верят в Бога? Роджер Пенроуз даёт неожиданный ответ | Сэр Роджер Пенроуз;https://youtu.be/gU-DsCkELLk;Penrose Cosmos;2730;179914;65.9;1466;49;1581;2026-09-29
ДИКИЕ ФИЛИППИНЫ | Самые опасные хищники, которых вы никогда не видели | Документальный фильм;https://youtu.be/nG3pknELHps;дикая планета;1610;102222;63.5;1232;35;1471;2026-10-01
James & Tara's Geschichte | Mein Leben mit 300 kg | DOPPELFOLGE | TLC Medical;https://youtu.be/xhqf-Ls6j_I;TLC Medical;960;58410;60.8;408;72;5274;2026-09-28
ТУРКИ ОКРУЖИЛИ РУССКИХ - ЧТО ЗАСТАВИЛО ТУРОК БЕЖАТЬ? | История Простыми Словами;https://youtu.be/uTAm2X0btgw;Поле Битвы: Голос Истории;1370;82933;60.5;796;27;3378;2026-09-30
Spider-Man Bros MOTORCYCLE Camping! Exposing A Stranger! ( Action Story );https://youtu.be/NK2yg1w6buQ;FunGau TV;12300;733783;59.7;4881;128;2659;2026-09-28
¿Por qué TRUMP teme el viaje de Sheinbaum a CHINA?;https://youtu.be/-u_EZhW9Sgk;México Frente al Poder;5380;309237;57.5;8148;11;1140;2026-10-03
ПСИХОЛОГИЯ УЖАСА | DELTARUNE - Честный и подробный разбор странного пути;https://youtu.be/aBYmwXaF64o;OMEGA_UT&DR;477;26922;56.4;301;65;2009;2026-09-30
Почему СНГ игроки САМЫЕ сильные в КС;https://youtu.be/12avsRQjQIU;ScopeSport;4040;224030;55.5;1844;44;1162;2026-09-29
Die Geschichte der Dachdecker: Der gefährlichste Beruf am Bau;https://youtu.be/DDY49ERkVmo;Berufsgeschichte;435;23680;54.4;318;25;907;2026-10-01
I Played SUBNAUTICA With DLSS 5...;https://youtu.be/xnk_I73Cogc;bustb0y;3830;208173;54.4;1580;3929;1596;2026-09-29
Historia Completa | Cocardo 🥥🍋🍒 #frutinovelas #frutinovela #película #cocardo #historia #frutas ;https://youtu.be/Rm_ttBhqN1Y;FrutiHistorias;3220;170392;52.9;1363;3569;1844;2026-09-29
Запретная Индонезия | Острова, скрывающие СВЕРХХИЩНИКОВ | Документальный фильм о животных;https://youtu.be/t2QLYmUGbD8;Дикий Континент;665;34650;52.1;368;485;2929;2026-09-30
🔥 RETO MENTAL EN VIVO: ¿Ves las 12 diferencias en la pantalla? 🤯 ¡Comenta la primera!;https://youtu.be/v0g7abbTDOY;JUEGOS MENTALES ;10800;559892;51.8;76171;5501;6519;2026-10-04
🚨 CALDERÓN VUELVE y LANZA su MAYOR RETO a CLAUDIA SHEINBAUM… ¿QUÉ VIENE AHORA?;https://youtu.be/GYMWId3hdBc;Clave Política México;1120;56590;50.5;719;8;1555;2026-10-01
ВОТ что произойдет, если вы поставите себя на первое место;https://youtu.be/eOnBTCerRfA;Dr Anna Saba;726;36020;49.6;217;7;1336;2026-09-27
Прямой эфир SnowRunner Кольский полуостров;https://youtu.be/Ip_eVzN62gI;Serega 42 rus;7670;380070;49.6;65741;1140;6960;2026-10-04
После 60 всё решают 4 овоща: два убивают, два продлевают жизнь;https://youtu.be/JzcIHpdGrsk;Академия Организма 2.0;3770;184833;49.0;1273;21;2895;2026-09-28
Die tödlichsten Löwen-Angriffe, die je gefilmt wurden | Tierwelt Doku;https://youtu.be/aNgYkNkFIzs;Tierwelt Doku;2360;115618;49.0;903;3965;1913;2026-09-29
WILD LUANGWA | The Ghost Africa Thought Was a Myth | Wildlife Documentary;https://youtu.be/CmpiJkDkmEs;Nature's Tether;6630;310575;46.8;4125;127;1835;2026-10-01
🇺🇿 НАШИ В США: Как узбеки построили гастро-империю в Нью-Йорке! Обзор супермаркета!;https://youtu.be/hCzL5SwLAdQ;ЕЛЕНА ЗУЕВА;18900;873884;46.2;5303;1354;3853;2026-09-27
What Happened To Rumi?! | KPop Demon Hunters Animation | Full Movie 4K;https://youtu.be/O2r5EgbJV2Y;Choco Ani;9730;439678;45.2;3665;580;3865;2026-09-29
Spider-Man Bros MOTORCYCLE Trip To The BILLIARDS Hall! ( Action Story );https://youtu.be/gwCPWsrHJxU;FunGau TV;12300;554813;45.1;7026;128;2571;2026-10-01
¿Cómo sabían los humanos antiguos que el incesto era malo?;https://youtu.be/AWNSLxx32_0;Homolix;3100;138965;44.8;832;43;1452;2026-09-27
Mario Can’t Walk... Luigi Takes Him to the Wrong Doctor! 😱🩹 Super Mario Odyssey Story;https://youtu.be/Aad7qT2rvH4;Mario Galaxy;12300;549693;44.7;4374;5775;2106;2026-09-29
A.T.U. und andere Werkstattketten eiskalt erwischt – Warum Ihr schlechtes Gefühl sofort stimmte;https://youtu.be/ZyQmazm756I;Verbraucher Warnung Deutschland;905;39627;43.8;814;21;1790;2026-10-02
Я ПОСМОТРЕЛ ВСЮ РУССКУЮ ВЕБ-АНИМАЦИЮ И ЭТО ПИ...  | Эпохальный Обзор;https://youtu.be/aAEaaHVm5Ys;Torn Leg;1870;80501;43.0;566;2391;5895;2026-09-28
The Unmarked Graves Of Antietam Battlefield Just Got Even Stranger;https://youtu.be/YLwoJJ3fH1g;The Silent Ruins;8980;384478;42.8;2727;95;2065;2026-09-28
🇨🇭Heidi Z’graggen mit einer rhetorischen Meisterleistung in der EU-Debatte;https://youtu.be/gWcSe-0JAKc;Reto Bott;434;17479;40.3;123;184;1042;2026-09-28
32 Minutes Satisfying with Mixing Colorful Candy 🌈 DIY How To Make Rainbow Bathtub & Baby Dolls;https://youtu.be/8dDQ_VdW01I;Funny ASMR;5200;207066;39.8;1409;97;1943;2026-09-28
Beim Familienessen verspotteten sie mein einfaches Leben – dann ließ meine Uhr meinen Vater verst...;https://youtu.be/yZsYq_jdHUM;Die Rache im Verborgenen;888;32724;36.9;212;153;1276;2026-09-28
жизнь в Ульгули Тараз  в прямом эфире!;https://youtu.be/uZYwM68GIOk;жизнь в Ульгули Тараз ;3380;121032;35.8;2190;281;5903;2026-10-02
Your Life as Every Rank in the German Army in WW2;https://youtu.be/N0xqB15836Q;Ink Story;6890;243934;35.4;2150;2376;1170;2026-09-29
"#3 Espinosa de los Monteros estalla: ""Sánchez es un enfermo de poder"" | Inmigración, VOX y el Rey";https://youtu.be/H-LyXVVSyaI;Actualidad España;15700;547548;34.9;3279;17;3402;2026-09-27
жизнь в Ульгули Тараз  в прямом эфире!;https://youtu.be/IdYwVvZ0obk;жизнь в Ульгули Тараз ;3380;117751;34.8;909;281;5614;2026-09-29
¡😱EL RETO MENTAL MÁS DIFÍCIL DE LA HISTORIA! ¿PODRÁS SUPERARLO? 😱 (EN DIRECTO)*;https://youtu.be/CnTON3h2HT8;JUEGOS MENTALES ;10800;376243;34.8;2266;5501;5596;2026-09-27
ЙЕЛЛОУСТОУН: Жизнь на крышке вулкана | Документальный фильм | 4K;https://youtu.be/kZWWfZ6dAWU;Wild Frame | Дикая Земля;987;32898;33.3;215;423;2721;2026-09-28
Handmade Lace Shuttle Tatting Tutorial | How to Make a Victorian Lace Bracelet Frivolité jewelry DIY;https://youtu.be/jDZGenVe2ZU;Yurihandmade;15900;529701;33.3;4107;1122;6151;2026-09-29
ПАРАЛИЧ ЛИЦА. Я ТОЛЬКО ЗАПУСТИЛ КАНАЛ ОБ ИСТОРИЯХ, МЕНЯЮЩИХ ЖИЗНЬ — КАК ИЗМЕНИЛАСЬ МОЯ. ИГОРЬ МЁДОВ;https://youtu.be/YedBQjRZpv0;"Игорь Мёдов: ""Истории, меняющие жизнь""";6580;213273;32.4;1722;83;979;2026-09-29
„Ich bin raus!“ – Carsten Stahl hört nach 14 Jahren auf! ZDF-Doku eskaliert | HSTRY fragt nach #6;https://youtu.be/m9C7vip0AiQ;HSTRYSTORIES;8060;259657;32.2;1872;206;2049;2026-09-28
¿Por Qué NADIE Quiere Vivir en BOLIVIA?;https://youtu.be/n6JTjC3J4fc;Viajes Intensos;4210;134789;32.0;975;2466;1396;2026-09-28
Matthew 24 Explained What Jesus Really Said About the End of the Age;https://youtu.be/Ka5eFA6BOZA;Scripture Unveiled;1840;58879;32.0;398;6374;5495;2026-09-28
🚨 TRAICIÓN DESDE ADENTRO: cómo 11 POLICÍAS de élite terminaron trabajando para el narco en Ecuador;https://youtu.be/ksKOXIKEYRc;Ecuador al Frente;4390;139378;31.7;839;2304;1151;2026-09-27
Запретная Колумбия | Самые ОПАСНЫЕ хищники Южной Америки | Документальный фильм о животных;https://youtu.be/UBYe6Qh_neY;Дикий Континент;665;20574;30.9;447;485;2658;2026-10-02
Solo Girl Bushcraft Camping Adventure Alone in the Forest – Building a Shelter & Nature Sounds ASMR;https://youtu.be/bYh4_PWXs9s;Sofia_Camp;19700;607882;30.9;4826;1625;2533;2026-09-29
Dances with Wolves (1990) Cast THEN AND NOW 2026, What Happened To Them Will Shock You?;https://youtu.be/BM7cmSRzhDY;Cast Timeline;6860;210025;30.6;2167;808;1517;2026-09-30
WILD LLANOS | The Cat That Hunts the Crocodile | Wildlife Documentary;https://youtu.be/irPbnS0knmE;Tethered Wilds;5050;151795;30.1;1065;1926;1805;2026-09-28
ПОЧЕМУ ЭТИ АВТОБУСЫ ЗАПРЕЩАЛИ? | ТОП 6 ЗАСЕКРЕЧЕННЫХ АВТОБУСОВ СССР;https://youtu.be/ZKEZCTq9FSY;Советский;3890;116923;30.1;951;796;4163;2026-09-29
WILD KRUGER | The One Enemy the Leopard Cannot Reach | Wildlife Documentary;https://youtu.be/Mh-XCbqdJgA;Tethered Wilds;5050;151708;30.0;3267;1926;1807;2026-10-02
Pastor Philip Anthony Mitchell Said a WITCH Was in the Room… Then THIS Happened;https://youtu.be/uHzMvcqr0Oo;Rod Brown;19200;561534;29.2;4971;944;1040;2026-09-29
WILD RIO NEGRO | The Hunter Where the Jaguar Feels Safest | Wildlife Documentary;https://youtu.be/LYRsgFIjQRE;Nature's Tether;6630;191686;28.9;7027;127;1814;2026-10-03
Что, если Локи переродился бы с сохранёнными воспоминаниями?;https://youtu.be/T59VAWdmAcQ;Zeno;660;18581;28.2;208;685;1768;2026-09-30
ЧТО ЕСЛИ ОМНИ-МЭН ОКАЗАЛСЯ ВО ВСЕЛЕННОЙ «ПАЦАНОВ»?;https://youtu.be/BrS0kUixnZY;Гик из Готэма ;668;18270;27.4;256;91;1436;2026-10-01
Du bist über 50 und hast nichts gespart? Diese Geschichte ändert alles;https://youtu.be/UdLql_WnNks;Ohne Protz;936;25445;27.2;200;39;1234;2026-09-29
Запретная Амазония | Самые ОПАСНЫЕ животные о которых никто не знает Документальный фильм о животных;https://youtu.be/1i9x8_aOKg8;Дикий Континент;665;18045;27.1;196;485;2864;2026-09-30
Cómo OLVIDARON los PIRATAS a su COMPAÑERO 3 AÑOS en una ISLA. Historia Real de Supervivencia;https://youtu.be/hwSrwaqSN18;Ruta Pirata;2990;80802;27.0;1043;1365;1964;2026-10-01
Об истории Алешек - бывшего Цурюпинска - и судьбе уникального целлюлозно-бумажного комбината;https://youtu.be/LYJ2RvI7xZE;Оleg Tsarov Fun Club;8400;226708;27.0;2477;482;942;2026-09-30
Why Are They Building Brand-New Steam Engines Again?;https://youtu.be/s1PG-WT2tb8;Train Curious;4360;116975;26.8;2713;200;919;2026-10-02
Cómo funcionan los aviones más rápidos del mundo: velocidades capaces de derretir metal;https://youtu.be/TK0vMFH4kWg;Impulso Científico;5720;148939;26.0;1520;639;1151;2026-09-30
We Build Amazing Giant Pool For Hutrix Vacation | DIY Doll House Challenge;https://youtu.be/VDnRs8_8Jkw;TaLiLu;7850;188093;24.0;3567;90;2453;2026-10-02
Das Leben von Klaus Kinski: Er schrieb alles selbst auf – und niemand hat ihm geglaubt;https://youtu.be/sFGvkcMvj1Q;Legenden ohne Maske;1090;25573;23.5;171;21;3354;2026-09-28
We Returned to Earth 4,000 Years Later | Sci-Fi Documentary;https://youtu.be/dAQJIb05Iog;History of the Future;13700;318780;23.3;1915;974;1165;2026-09-27
I Survived 7 Days in Minecraft's DEADLIEST Tornado Outbreak;https://youtu.be/h-U1-fZSiYU;Luka Andrews;10800;250770;23.2;1493;3719;2973;2026-09-27
Luigi Got Sick After Mario Ate Spaghetti... What Happened to Him? 😱🍝 | Super Mario Odyssey Story;https://youtu.be/pop-DA7qmsk;MarioFun Toons;5780;132665;23.0;1309;363;1090;2026-09-30
Die wahre Geschichte hinter Rotkäppchen – Was die Brüder Grimm verschwiegen;https://youtu.be/HRP8NiYZyfY;Sagenschatten;1840;38859;21.1;333;113;999;2026-09-29
THE MENTALIST (2008) Cast: THEN and NOW ,  What Happened to the Cast 18 Years Later?;https://youtu.be/QH0vz5SOqdw;Classic Hollywood TV;12800;267420;20.9;1924;1013;2368;2026-09-28
Investigation Reveals Shocking Reason Christa Pike Survived 2 Lethal Injections - Botched execution;https://youtu.be/__cgDvFU3Ps;Crime Justices Network;15100;310545;20.6;6826;224;3921;2026-10-02
Honey Badger Pulls a Porcupine From Her Den... Then 5 Hyenas Rush the Cubs | Wildlife Documentary;https://youtu.be/8F9wWbRZF4o;Wildlife Chronicles;13000;263145;20.2;2673;151;2035;2026-09-30
Warum so viele Rentner ihr Wohnmobil nach einem Jahr wieder verkaufen;https://youtu.be/mLkuYAgTUSE;Albert Rottmann;6780;133934;19.8;2311;2598;1081;2026-10-02
DIE BALKAN-MAFIA | Europas Kokainkrieg;https://youtu.be/DQms76dzShE;Verbrechens Inc. – Russische Mafia Global;4730;90212;19.1;626;445;1891;2026-09-28
SOBREVIVÍ al AT4QU€ de mis vecinos, pero mi ESPOSO no logro SALVARSE ;https://youtu.be/EVgGpj2Nv0Y;Esta Es Mi Historia De Vida ;10700;191305;17.9;1395;604;1905;2026-09-28
ОН ПРЕДУПРЕДИЛ ВСЕХ, КТО КУПИЛ КВАРТИРУ: ПОЧЕМУ НОВОСТРОЙКИ ПРЕВРАТЯТСЯ В ЛОВУШКУ К 2030 ГОДУ;https://youtu.be/7ZmMa0o8kPo;СОВЕТСКИЙ ФОНД;19300;341762;17.7;3334;507;1806;2026-09-30
Tschukotka: So leben Menschen autark in Russlands abgelegenster Region jenseits des Polarkreises;https://youtu.be/-NVw9osPyNY;Sugar Babe;1180;20754;17.6;162;320;3449;2026-09-29
Inside South Korea’s Billion-Dollar Pork Machine — How Millions of Pigs Become Pork;https://youtu.be/sjMM2vB75Uo;Extreme Harvest;2810;49199;17.5;321;331;1024;2026-09-28
Lost at 4, Now a Billionaire: She Goes Undercover to Test Her Family 🧒💰🔍;https://youtu.be/nayFJMNxfHo;Pico Drama;12000;199237;16.6;2694;108;6752;2026-10-01
She Gave Up Her Dreams To Build His Future…Then He Rejected Her After Becoming Successful;https://youtu.be/nXHeAEeW3SQ;Elder Echoes;12700;202316;15.9;2185;164;1929;2026-09-30
ОН БЫЛ КАК КОСТЬ В ГОРЛЕ! Михалков не сдержался и назвал ИМЕНА тех, кто безжалостно убрал Соседова!;https://youtu.be/Uxe5R_dypYU;В СТУДИИ ГОРДОНА;19100;303085;15.9;2433;429;1222;2026-09-29
What Happened to Paul Newman's 6 Children? Their Lives Today;https://youtu.be/9NAPUVj1MII;Upper Class Family;10600;167368;15.8;1039;2808;2392;2026-09-27
I Survived 100 Days in Minecraft's NEW Dimension;https://youtu.be/dbLmR2nA6nw;LuckyRNG;7420;116296;15.7;5299;1369;2552;2026-10-03
Why Every City Should Start With a Landmark;https://youtu.be/lW2-LDB90QE;azrel;9670;151504;15.7;1589;415;1588;2026-09-30
Reborn 100 Years After His Betrayal, the Fallen Emperor Refuses to Stay Weak This Time - Recap;https://youtu.be/vEHOY7hjDBU;Reyo Recaps 2.0;1880;29295;15.6;202;109;4608;2026-09-28
ЖЕСТОКОЕ КОНГО | Безжалостные хищники, господствующие в Конго | Документальный фильм о дикой природе;https://youtu.be/NlmGBB_VfRg;дикая планета;1610;24373;15.1;697;35;1539;2026-10-03
What If the Pirate King Luffy Came to Marineford?;https://youtu.be/EsHdsdw8fvE;Voidbound;1190;17939;15.1;364;6649;1144;2026-10-02
Why Was Ghislaine Maxwell Moved?;https://youtu.be/3fmNyb1Xl5U;Is This Really Legal?;16200;232525;14.4;3622;208;3194;2026-10-01
PDF-комикс по FNAF, который ВЫ ЛЮБИЛИ | Springtrap and Deliah полный разбор;https://youtu.be/JWnpqZ60BWg;Martunich;8960;128476;14.3;1350;3785;3975;2026-09-30
Meghan In PANIC As Lady C Investigation EXPOSE Archie & Lilibet Real Mother;https://youtu.be/Ir4pZyQBY5c;Royal Reports;9740;139407;14.3;5863;152;1338;2026-10-03
What If Defend Upgraded Every Time You Played It?;https://youtu.be/71J1zhRCnCs;StrategySpire;1200;16981;14.2;194;1511;2626;2026-09-30
ONCE UPON A VILLAGE EPISODE 9 | YOU WON’T BELIEVE WHAT HAPPENED!;https://youtu.be/Wz3SdBGNfLQ;Marih Claire TV;8540;120127;14.1;719;3407;3780;2026-09-27
Vergiss WD-40: Warum alte Mechaniker auf dieses deutsche Öl von 1904 schwören;https://youtu.be/Z5_0WnfxNLc;Auto Flüsterer;8470;117265;13.8;766;2900;1098;2026-09-28
Что если Люцифер Морнингстар окажется во вселенной «Сверхъестественного»?;https://youtu.be/MVA-PwHjrsA;Чево;1230;16459;13.4;409;1483;1833;2026-10-02
El mundial más ÉPICO de la historia| Últimos km mundial de ciclismo 2026;https://youtu.be/JG47JSJOyzY;PRIME CYCLING;12200;161993;13.3;1371;239;1181;2026-09-29
Y si los futbolistas quedaran encerrados en el estadio hasta el amanecer…? PARTE 2 😨;https://youtu.be/Ac-jLWLXAxk;ChatGol;3480;45519;13.1;273;7090;1550;2026-09-27
La gente está volviendo a la Wii… y ahora entiendo por qué;https://youtu.be/DLrLNn-6tEA;sutu;11700;151991;13.0;1652;7512;1699;2026-09-30
Твоя жизнь на каждом ранге в клане якудза;https://youtu.be/ImIxG4sLljs;Умный Джо;3480;43748;12.6;475;100;1003;2026-09-30
UNGLAUBLICH! Meine Drohne hat BALLERINA CAPPUCCINA im echten Leben gefilmt!;https://youtu.be/DMN0GL76IM4;Arishnev DE;11200;135233;12.1;814;277;4929;2026-09-27
CEO Folgte Seiner Haushälterin Nach Der Arbeit — Was Er Entdeckte, Veränderte Alles!;https://youtu.be/qY9QUIin4h4;Nguyenthi Huedeg;2190;24930;11.4;499;42;2376;2026-10-02
PACHE JUEGA CONTRA TRES FUTBOLISTAS PROFESIONALES!!!🔥;https://youtu.be/e0kOMEj4wI8;Pache Vod;7480;84010;11.2;1899;51;6315;2026-10-02
Das Blutbad von Bannockburn: Schottlands größter Triumph über England? | Doku;https://youtu.be/pK_Ld0qLtwU;History Hit Deutschland;2370;24903;10.5;212;310;3021;2026-09-29
JJ, Mikey & Friends: POOR vs OP CAR TOWER BATTLE in Minecraft (Maizen);https://youtu.be/NtS5qh6Rv60;Zentry - JJ & Mikey Minecraft;17500;177897;10.2;1450;138;1207;2026-09-29
ОДИН КЕЙС ИЗМЕНИЛ ВСЮ ЖИЗНЬ;https://youtu.be/zU2InGrAEpQ;Upgrader | Caser ;1940;19549;10.1;116;1340;993;2026-09-27
Ezekiel 38 Explained Gog, Magog, and the Final Battle;https://youtu.be/Wn-ZXAb9fLA;Scripture Unveiled;1840;18219;9.9;182;6374;5766;2026-09-30
What If Deku Awakened One For All in Episode 1?;https://youtu.be/N3RXJnF0fAw;Zeny;14600;142952;9.8;6183;1103;911;2026-10-03
What If Rimuru Was In The MCU?;https://youtu.be/yLnsuFniLwc;Specular Manga;6830;66568;9.7;523;579;1562;2026-09-29
The Snackrooms: What happened with Sarah?;https://youtu.be/AkIKllJET4g;UNDER4IK;10000;96764;9.7;30649;38;42896;2026-10-04
Bajo el vestido de una Doncella. Historia Completa ✨;https://youtu.be/NR2OiC433Z4;Noble Romance ;11400;110132;9.7;1143;540;5988;2026-09-30
STELLA PRINCE | Official Short Documentary;https://youtu.be/Ch3Oz8ATuzM;Stella Prince;10100;97531;9.7;589;4108;1026;2026-09-27
¿Y si los futbolistas de hoy cayeran en el PRIMER Mundial? 🏆;https://youtu.be/laYA-lH3FbI;ChatGol;3480;33551;9.6;441;7090;1483;2026-10-01
What If China Invaded Taiwan Tomorrow?;https://youtu.be/sRvfh8iGAig;What If Tomorrow;7240;69310;9.6;3020;2490;1914;2026-10-03
Billionaire Sister Posed Poor to Test Her Brother—He Chose Her Over His Wife!;https://youtu.be/EdeptmrKH9s;Sweet Maple Drama;15700;140498;8.9;1056;202;5547;2026-09-29
Explaining All Side Characters In Ongezellig;https://youtu.be/b6kGT8TB2HA;Rocha;2970;25931;8.7;301;1185;1183;2026-10-01
I Tried Outcome Memories Mods In Garry's Mod;https://youtu.be/26g_PITRChM;SageDMO;1780;15309;8.6;173;862;1661;2026-09-30
Что задумал Путин? Почему с Пугачевой лучше не ссориться? Война закончится к весне? БЫКОВ;https://youtu.be/F6FCUSWCCsY;Ренат Давлетгильдеев;13100;112455;8.6;4233;5553;2432;2026-10-03
Leo Had to Go to the Hospital... What Happened to His Hand?! | Slow English Listening (A2);https://youtu.be/k6h8DMzwgN8;Slow English By Grace;12500;105651;8.5;2241;347;2254;2026-10-02
ШОКИРУЮЩИЕ ТРАДИЦИИ в богатейшей стране, о которой вы НЕ СЛЫШАЛИ! Жизнь в Брунее - Документальный;https://youtu.be/bUubGm_0MdY;Реальный Исследователь;7600;64076;8.4;530;3748;1573;2026-09-29
Metallica: Ride The Lightning Era - Documentary (compilation + chapter IX);https://youtu.be/RoYL-UmWZnk;The History Of Rock;8580;72208;8.4;429;138;2707;2026-09-27
What If Ben 10 Was In The Boys?;https://youtu.be/gW_Q8ZsS_rM;Specular Animation;2830;23588;8.3;283;554;1149;2026-10-01
What If Strawhats Were Reborn With Their Memories?;https://youtu.be/N-oF5GdxE3Q;Shankists;6600;53659;8.1;740;170;1387;2026-10-01
"Laura García, portavoz de JUPOL atacada en directo: ""¿Por qué no dejan actuar a la Policía en Sol?";https://youtu.be/wwmrkcygmZc;JUPOL Justicia Policial;10700;84246;7.9;895;2766;1702;2026-09-30
She Tested Her Boyfriend With Her BEST FRIEND…😳 UTP Loyalty Test;https://youtu.be/TDT6C9TXxCk;UTP;11900;92295;7.8;694;996;1024;2026-09-29
Почему обычная жизнь вдруг стала трендом;https://youtu.be/2EXz4P8ZJLI;Nigar Rustamzade;8750;65802;7.5;396;5428;937;2026-09-27
Warum sich Arbeit in Deutschland NICHT mehr lohnt;https://youtu.be/RuLLu_Hyg4A;Choci;18900;141645;7.5;843;4376;1413;2026-09-27
Der Markt CRASHT - Eine Krise wie wir sie noch nicht hatten!;https://youtu.be/mzwYvRyL56s;BadasseryJoe von WickedWorkshop;13500;94450;7.0;984;3603;2262;2026-09-30
In Deutschland baut man sein Leben völlig anders auf als in England;https://youtu.be/CoFaTW-aq2M;Engländer in Deutschland;5490;37964;6.9;393;105;1151;2026-09-30
Y si los futbolistas quedaran encerrados en el estadio hasta el amanecer…? PARTE 3: EL FINAL 😱;https://youtu.be/BHG2IMZm9Xk;ChatGol;3480;23750;6.8;200;7090;1948;2026-09-29
Real Life Pokémon Park: What If Pokémon Existed in Real Life?! -  Alola Region (Reimagined With AI);https://youtu.be/i58yznhguso;PokéScope;3980;25477;6.4;326;130;1812;2026-10-01
Die ganze Geschichte des Ruhrgebiets in 22 Minuten;https://youtu.be/bka0oEcdLus;Geschichte. Lebt.;16700;106350;6.4;1099;239;1303;2026-09-30
2 Hours of Animated History to Watch in Bed Instead of Sleeping [NO AI];https://youtu.be/w_Q6C65Isxw;Serious History Compilations;19600;120751;6.2;878;132;8163;2026-09-28
Why Chinese Pedals Are TERRIFYING The American Pedal Industry;https://youtu.be/xux03Y-IbmY;One Tone;17900;107207;6.0;748;157;1262;2026-09-28
Barnacle Goose: Un Día Donde Sobrevivir Empieza con una Caída Mortal | Documental del Barnacle Goose;https://youtu.be/ESjDcv_B6Ls;BBTV NEW;9990;58861;5.9;2183;31;1031;2026-10-03
AMAZONAS: Un Viaje al Corazón de la Selva Más Peligrosa del Planeta | Documental 4K;https://youtu.be/VdxIv3T3mvo;Mejores Viajes;14400;83925;5.8;865;220;6299;2026-09-30
What If Naruto and Sasuke Were Reborn and Raised by Madara?;https://youtu.be/x8PWEXwszTI;Emeverse Anime;4350;25316;5.8;231;1113;940;2026-09-30
Das Leben und der tragische Tod von Gary Moore von Thin Lizzy;https://youtu.be/iynLl7Od6q0;KLASSISCHER ROCKSÄNGER;3250;18665;5.7;112;258;1247;2026-09-27
К нам пришла участковая 🇦🇲Встреча с подписчиком , подарки - наша жизнь в Ереване ;https://youtu.be/focAt5GUzxA;The Lvins in Armenia  Լվինները Հայաստանում;4220;24175;5.7;331;3530;1016;2026-10-01
Seine Schwester will die HOCHZEIT VERHINDERN! 😱 Doch warum? | Ganze Folge | Die Trovatos;https://youtu.be/GrKVIFA0uiM;Die Trovatos - Detektive decken auf;7880;44693;5.7;461;129;2651;2026-09-30
if MechWarrior 2 played like Mount & Blade;https://youtu.be/3doF9krfDbI;empty:mecha;7110;39872;5.6;289;591;2096;2026-09-28
Verwahrlosung & Vermüllung - Krall erklärt, warum vieles einfach nicht mehr funktioniert;https://youtu.be/vJ9C2glPXfY;Zin TV Reaktion;3770;20349;5.4;784;113;1134;2026-10-03
Apple Explains the iPhone Duo & 18 Pro Camera;https://youtu.be/G3_4NQAndzE;Full Stack Creator;5610;28358;5.1;387;241;1632;2026-10-01
Röper-FM #71 Wie Wadephul sich vor Lawrow genauso blamiert hat, wie Baerbock;https://youtu.be/WInMASbqvWg;Röper-FM;19600;98985;5.1;616;488;1864;2026-09-27
Außerirdische Technologien: Rätselhafte Spuren der Geschichte | Doku;https://youtu.be/xMe8uOSeOVU;Doku Deutschland;10300;51189;5.0;434;446;4786;2026-09-29
What If Trevor Killed Michael in GTA 5?;https://youtu.be/C8lvLTqaCBE;ChasetotheFinish;4810;23085;4.8;240;4554;1177;2026-09-30
ПОЛНЫЙ РАЗБОР SAMSUNG GALAXY;https://youtu.be/PLmtXZR_b2c;Hi Store;13900;64660;4.7;819;590;907;2026-10-01
8 unspektakuläre, aber echte Einkommensquellen (davon leben wir seit 9 Monaten im Van);https://youtu.be/CzCdt3atQG4;Emilia und Knut;11100;50773;4.6;304;1531;930;2026-09-27
Реальная жизнь в Лаосе: САМАЯ ДЕШЕВАЯ страна мира и прекрасные женщины - документальный фильм;https://youtu.be/N02120tsptw;Реальный Исследователь;7600;34665;4.6;239;3748;1620;2026-09-28
Life in Britain During WWII - Ordinary People in Extraordinary Times;https://youtu.be/jOHsn1jeBY8;The War Movie Channel;10000;45383;4.5;366;957;3135;2026-09-29
Real Life Pokémon Park: What If Pokémon Existed in Real Life?! -  Electric Type (Reimagined With AI);https://youtu.be/o6oMuafXZYI;PokéScope;3980;17534;4.4;139;130;3706;2026-09-29
Данилов не довез форму до Олимпии? Крах или Победа? Подводим итоги с Сологубом и Мельниковым.;https://youtu.be/B32-MR7A9c8;СГУЩЕНКА TEAM;18100;79730;4.4;554;850;2806;2026-09-28
I Tested Every Zack D. Films Video;https://youtu.be/930cgdLIJrs;Jefe IRL;17000;70484;4.1;1115;158;1909;2026-10-01
Wie gefährlich ist KI wirklich? Leonard Schmedding, Dr. Andreas Beck & Dr. Gregor Broschinski;https://youtu.be/3hv5QVawl20;SPARKASSEblack;16600;67214;4.0;948;1319;3512;2026-10-01
¿Trabajar con mis padres? ¿Llevar pamela? ¿Ser auténtica? | Vlog semanal;https://youtu.be/9Lfdeox3Bnc;Pat Hidalgo;10100;39806;3.9;428;4862;2535;2026-09-30
Vamos en CANOA a HACER las COMPRAS | Vida en la Amazonía Ecuatoriana;https://youtu.be/yX-pKIyONJE;Familia Porter en la Amazonia;19500;76389;3.9;686;92;1094;2026-09-29
Gib mir 100 Tage und ich gebe dir dein Leben zurück;https://youtu.be/ETGw9CfNKT8;Lociman;5000;18314;3.7;109;769;2154;2026-09-27
PROBÉ LOCALES QUE  SOLO VENDEN 1 PRODUCTO;https://youtu.be/isA-xvu4Zr0;Isilora ;12400;45340;3.7;332;4480;1030;2026-09-28
Why Doctor Doom Came For Hulk First;https://youtu.be/pX8_7Mb_TJ4;Aetherscene;13100;45015;3.4;304;500;1239;2026-09-28
I Tried Mississauga’s Legendary Deli! | Peters on Eglinton ;https://youtu.be/uDLvNVJjJjk;Cam Eats ;8210;26813;3.3;583;4997;954;2026-10-02
ПЯТЁРКА СМОТРИТ: MellSher, 5opka — Opus | Разбор альбома;https://youtu.be/1MRhOMa9UfM;Кринж Дуо Нарезки;15700;50661;3.2;324;2919;5705;2026-09-28
Wer ist Wolverine ?  | Die Geschichte von Wolverine | Marvel Comics;https://youtu.be/Vm15xzjBDHE;NerdCobra;10500;32823;3.1;197;5357;1800;2026-09-27
